n,mean,sd,min,max
2013,1.2478633791124968e-16,0.9036396962317307,-2.9247653366624062,1.55958695335376
